"Country or Area","Year","Commodity","Flow","Trade (USD)","Weight (kg)","Quantity Name","Quantity"
"Norway","2011","Live ornamental fish","Import","4095670","81358","Weight in kilograms","81358"
"Norway","2011","Fish; live, carp (Cyprinus spp., Carassius spp., Ctenopharyngodon idellus, Hypophthalmichthys spp., Cirrhinus spp., Mylopharyngodon piceus, Catla catla, Labeo spp., Osteochilus hasselti, Leptobarbus hoeveni, Megalobrama spp.)","Import","54951","936","Weight in kilograms","936"
"Norway","2011","Fish; live, n.e.c. in heading 0301","Export","4602556","173088","Weight in kilograms","173088"
"Norway","2011","Fish; live, n.e.c. in heading 0301","Import","1382599","51624","Weight in kilograms","51624"
"Norway","2011","Fish; fresh or chilled, trout (Salmo trutta, Oncorhynchus mykiss, Oncorhynchus clarki, Oncorhynchus aguabonita, Oncorhynchus gilae, Oncorhynchus apache and Oncorhynchus chrysogaster), excluding fillets, fish meat of 0304, and edible fish offal of 0302.9","Export","169164004","27130334","Weight in kilograms","27130334"
"Norway","2011","Fish; fresh or chilled, trout (Salmo trutta, Oncorhynchus mykiss, Oncorhynchus clarki, Oncorhynchus aguabonita, Oncorhynchus gilae, Oncorhynchus apache and Oncorhynchus chrysogaster), excluding fillets, fish meat of 0304, and edible fish offal of 0302.9","Import","908669","118951","Weight in kilograms","118951"
"Norway","2011","Pacific salmon/Atlantic salmon/Danube salmon [see list of conventions for species incld.], fresh/chilled (excl. fillets/other fish meat of 03.04/livers & roes)","Export","3909244695","685384761","Weight in kilograms","685384761"
"Norway","2011","Pacific salmon/Atlantic salmon/Danube salmon [see list of conventions for species incld.], fresh/chilled (excl. fillets/other fish meat of 03.04/livers & roes)","Import","326719","54394","Weight in kilograms","54394"
"Norway","2011","Fish; fresh or chilled, salmonidae, n.e.c. in item no. 0302.1, excluding fillets, fish meat of 0304, and edible fish offal of subheadings 0302.91 to 0302.99","Export","126682","12064","Weight in kilograms","12064"
"Norway","2011","Fish; fresh or chilled, salmonidae, n.e.c. in item no. 0302.1, excluding fillets, fish meat of 0304, and edible fish offal of subheadings 0302.91 to 0302.99","Import","31966","3061","Weight in kilograms","3061"
"Norway","2011","Fish; fresh or chilled, halibut (Reinhardtius hippoglossoides, Hippoglossus hippoglossus, Hippoglossus stenolepis), excluding fillets, fish meat of 0304, and edible fish offal of subheadings 0302.91 to 0302.99","Export","28897716","2694593","Weight in kilograms","2694593"
"Norway","2011","Fish; fresh or chilled, halibut (Reinhardtius hippoglossoides, Hippoglossus hippoglossus, Hippoglossus stenolepis), excluding fillets, fish meat of 0304, and edible fish offal of subheadings 0302.91 to 0302.99","Import","11468","767","Weight in kilograms","767"
"Norway","2011","Fish; fresh or chilled, plaice (Pleuronectes platessa), excluding fillets, fish meat of 0304, and edible fish offal of subheadings 0302.91 to 0302.99","Export","2895649","1408886","Weight in kilograms","1408886"
"Norway","2011","Fish; fresh or chilled, plaice (Pleuronectes platessa), excluding fillets, fish meat of 0304, and edible fish offal of subheadings 0302.91 to 0302.99","Import","60988","8575","Weight in kilograms","8575"
"Norway","2011","Fish; fresh or chilled, sole (Solea spp.), excluding fillets, fish meat of 0304, and edible fish offal of subheadings 0302.91 to 0302.99","Export","52235","2779","Weight in kilograms","2779"
"Norway","2011","Fish; fresh or chilled, sole (Solea spp.), excluding fillets, fish meat of 0304, and edible fish offal of subheadings 0302.91 to 0302.99","Import","32783","1129","Weight in kilograms","1129"
"Norway","2011","Fish; fresh or chilled, flat fish, n.e.c. in item no. 0302.2, excluding fillets, fish meat of 0304, and edible fish offal of subheadings 0302.91 to 0302.99","Export","3293220","315487","Weight in kilograms","315487"
"Norway","2011","Fish; fresh or chilled, flat fish, n.e.c. in item no. 0302.2, excluding fillets, fish meat of 0304, and edible fish offal of subheadings 0302.91 to 0302.99","Import","23459","1935","Weight in kilograms","1935"
"Norway","2011","Fish; fresh or chilled, yellowfin tunas (Thunnus albacares), excluding fillets, fish meat of 0304, and edible fish offal of subheadings 0302.91 to 0302.99","Export","14144","608","Weight in kilograms","608"
"Norway","2011","Fish; fresh or chilled, yellowfin tunas (Thunnus albacares), excluding fillets, fish meat of 0304, and edible fish offal of subheadings 0302.91 to 0302.99","Import","66613","2915","Weight in kilograms","2915"
"Norway","2011","Fish; fresh or chilled, southern bluefin tunas (Thunnus maccoyii), excluding fillets, fish meat of 0304, and edible fish offal of subheadings 0302.91 to 0302.99","Import","8384","244","Weight in kilograms","244"
"Norway","2011","Fish; fresh or chilled, tuna, n.e.c. in item no. 0302.3, excluding fillets, fish meat of 0304, and edible fish offal of subheadings 0302.91 to 0302.99","Import","2594","68","Weight in kilograms","68"
"Norway","2011","Herrings (Clupea harengus/pallasii), fresh/chilled (excl. fillets/other fish meat of 03.04/livers & roes)","Export","21667521","20519225","Weight in kilograms","20519225"
"Norway","2011","Herrings (Clupea harengus/pallasii), fresh/chilled (excl. fillets/other fish meat of 03.04/livers & roes)","Import","23516953","27041459","Weight in kilograms","27041459"
"Norway","2011","Cod (Gadus morhua/ogac/macrocephalus), fresh/chilled (excl. fillets/other fish meat of 03.04/livers & roes)","Export","133619322","29381680","Weight in kilograms","29381680"
"Norway","2011","Cod (Gadus morhua/ogac/macrocephalus), fresh/chilled (excl. fillets/other fish meat of 03.04/livers & roes)","Import","16395","2884","Weight in kilograms","2884"
"Norway","2011","Sardines (Sardina pilchardus, Sardinops spp.)/sardinella (Sardinella spp.)/brisling/sprats (Sprattus sprattus), fresh/chilled (excl. fillets/other fish meat of 03.04/livers/roes)","Export","543099","670769","Weight in kilograms","670769"
"Norway","2011","Haddock (Melanogrammus aeglefinus), fresh/chilled (excl. fillets/other fish meat of 03.04/livers & roes)","Export","46849790","21675523","Weight in kilograms","21675523"
"Norway","2011","Haddock (Melanogrammus aeglefinus), fresh/chilled (excl. fillets/other fish meat of 03.04/livers & roes)","Import","31248","14575","Weight in kilograms","14575"
"Norway","2011","Coalfish (Pollachius virens), fresh/chilled (excl. fillets/other fish meat of 03.04/livers & roes)","Export","15334310","6524239","Weight in kilograms","6524239"
"Norway","2011","Coalfish (Pollachius virens), fresh/chilled (excl. fillets/other fish meat of 03.04/livers & roes)","Import","73865","58927","Weight in kilograms","58927"
"Norway","2011","Mackerel (Scomber scombrus/australasicus/japonicus), fresh/chilled (excl. fillets/other fish meat of 03.04/livers & roes)","Export","26686555","11330920","Weight in kilograms","11330920"
"Norway","2011","Mackerel (Scomber scombrus/australasicus/japonicus), fresh/chilled (excl. fillets/other fish meat of 03.04/livers & roes)","Import","157640971","81420623","Weight in kilograms","81420623"
"Norway","2011","Dogfish & other sharks, fresh/chilled (excl. fillets/other fish meat of 03.04/livers & roes)","Export","578911","220889","Weight in kilograms","220889"
"Norway","2011","Eels (Anguilla spp.), fresh/chilled (excl. fillets/other fish meat of 03.04/livers & roes)","Import","286","24","Weight in kilograms","24"
"Norway","2011","Fish,n.e.s. in 03.02, fresh/chilled(excl. fillets/other fish meat of 03.04/livers & roes).","Export","79544334","95503608","Weight in kilograms","95503608"
"Norway","2011","Fish,n.e.s. in 03.02, fresh/chilled(excl. fillets/other fish meat of 03.04/livers & roes).","Import","2114582","938129","Weight in kilograms","938129"
"Norway","2011","Fish livers & roes, fresh/chilled","Export","4595120","1361673","Weight in kilograms","1361673"
"Norway","2011","Fish livers & roes, fresh/chilled","Import","101188","3775","Weight in kilograms","3775"
"Norway","2011","Trout (Salmo trutta, Oncorhynchus mykiss/clarki/aguabonita/gilae/apache/chrysogaster), frozen (excl. fillets/other fish meat of 03.04/livers & roes)","Export","74534439","11031183","Weight in kilograms","11031183"
"Norway","2011","Trout (Salmo trutta, Oncorhynchus mykiss/clarki/aguabonita/gilae/apache/chrysogaster), frozen (excl. fillets/other fish meat of 03.04/livers & roes)","Import","341520","60565","Weight in kilograms","60565"
"Norway","2011","Atlantic salmon (Salmo salar) & Danube salmon (Hucho hucho), frozen (excl. fillets/other fish meat of 03.04/livers & roes)","Export","276915228","50904329","Weight in kilograms","50904329"
"Norway","2011","Atlantic salmon (Salmo salar) & Danube salmon (Hucho hucho), frozen (excl. fillets/other fish meat of 03.04/livers & roes)","Import","263195","40886","Weight in kilograms","40886"
"Norway","2011","Fish; frozen, Nile perch (Lates niloticus) and snakeheads (Channa spp.), excluding fillets, fish meat of 0304, and edible fish offal of subheadings 0303.91 to 0303.99","Export","255080","213818","Weight in kilograms","213818"
"Norway","2011","Fish; frozen, halibut (Reinhardtius hippoglossoides, Hippoglossus hippoglossus, Hippoglossus stenolepis), excluding fillets, fish meat of 0304, and edible fish offal of subheadings 0303.91 to 0303.99","Export","53277698","8579523","Weight in kilograms","8579523"
"Norway","2011","Fish; frozen, halibut (Reinhardtius hippoglossoides, Hippoglossus hippoglossus, Hippoglossus stenolepis), excluding fillets, fish meat of 0304, and edible fish offal of subheadings 0303.91 to 0303.99","Import","1835753","327191","Weight in kilograms","327191"
"Norway","2011","Fish; frozen, plaice (Pleuronectes platessa), excluding fillets, fish meat of 0304, and edible fish offal of subheadings 0303.91 to 0303.99","Export","2887","2604","Weight in kilograms","2604"
"Norway","2011","Fish; frozen, plaice (Pleuronectes platessa), excluding fillets, fish meat of 0304, and edible fish offal of subheadings 0303.91 to 0303.99","Import","7247","2321","Weight in kilograms","2321"
"Norway","2011","Fish; frozen, sole (Solea spp.), excluding fillets, fish meat of 0304, and edible fish offal of subheadings 0303.91 to 0303.99","Import","13649","610","Weight in kilograms","610"
"Norway","2011","Fish; frozen, flat fish, n.e.c. in item no. 0303.3, excluding fillets, fish meat of 0304, and edible fish offal of subheadings 0303.91 to 0303.99","Export","4327","2524","Weight in kilograms","2524"
"Norway","2011","Fish; frozen, flat fish, n.e.c. in item no. 0303.3, excluding fillets, fish meat of 0304, and edible fish offal of subheadings 0303.91 to 0303.99","Import","19114","1575","Weight in kilograms","1575"
"Norway","2011","Fish; frozen, albacore or longfinned tunas (Thunnus alalunga), excluding fillets, fish meat of 0304, and edible fish offal of subheadings 0303.91 to 0303.99","Import","2612","147","Weight in kilograms","147"
"Norway","2011","Fish; frozen, yellowfin tunas (Thunnus albacares), excluding fillets, fish meat of 0304, and edible fish offal of subheadings 0303.91 to 0303.99","Import","3737","229","Weight in kilograms","229"
"Norway","2011","Fish; frozen, skipjack tuna (stripe-bellied bonito) (Katsuwonus pelamis), excluding fillets, fish meat of 0304, and edible fish offal of subheadings 0303.91 to 0303.99","Import","1692","500","Weight in kilograms","500"
"Norway","2011","Fish; frozen, Atlantic and Pacific bluefin tunas (Thunnus thynnus, Thunnus orientalis), excluding fillets, fish meat of 0304, and edible fish offal of subheadings 0303.91 to 0303.99","Import","15079","239","Weight in kilograms","239"
"Norway","2011","Fish; frozen, southern bluefin tunas (Thunnus maccoyii), excluding fillets, fish meat of 0304, and edible fish offal of subheadings 0303.91 to 0303.99","Import","3006","45","Weight in kilograms","45"
"Norway","2011","Fish; frozen, tuna, n.e.c. in item no. 0303.4, excluding fillets, fish meat of 0304, and edible fish offal of subheadings 0303.91 to 0303.99","Import","80573","2640","Weight in kilograms","2640"
"Norway","2011","Fish; frozen, herrings (Clupea harengus, Clupea pallasii), excluding fillets, fish meat of 0304, and edible fish offal of subheadings 0303.91 to 0303.99","Export","344994814","280896690","Weight in kilograms","280896690"
"Norway","2011","Fish; frozen, herrings (Clupea harengus, Clupea pallasii), excluding fillets, fish meat of 0304, and edible fish offal of subheadings 0303.91 to 0303.99","Import","1307332","1590914","Weight in kilograms","1590914"
"Norway","2011","Cod (Gadus morhua, Gadus ogac, Gadus macrocephalus), frozen (excl. fillets/other fish meat of 03.04/livers & roes)","Export","132990514","38308322","Weight in kilograms","38308322"
"Norway","2011","Cod (Gadus morhua, Gadus ogac, Gadus macrocephalus), frozen (excl. fillets/other fish meat of 03.04/livers & roes)","Import","86988348","25016173","Weight in kilograms","25016173"
"Norway","2011","Toothfish (Dissostichus spp.),frozen (excl. fillets/other fish meat of 03.04/livers & roes)","Import","2722","97","Weight in kilograms","97"
"Norway","2011","Sardines (Sardina pilchardus, Sardinops spp.)/sardinella (Sardinella spp.)/brisling/sprats (Sprattus sprattus), frozen (excl. fillets/other fish meat of 03.04/livers & roes)","Export","4052226","2464090","Weight in kilograms","2464090"
"Norway","2011","Sardines (Sardina pilchardus, Sardinops spp.)/sardinella (Sardinella spp.)/brisling/sprats (Sprattus sprattus), frozen (excl. fillets/other fish meat of 03.04/livers & roes)","Import","6839","2824","Weight in kilograms","2824"
"Norway","2011","Haddock (Melanogrammus aeglefinus), frozen (excl. fillets/other fish meat of 03.04/livers & roes)","Export","164133590","65466954","Weight in kilograms","65466954"
"Norway","2011","Haddock (Melanogrammus aeglefinus), frozen (excl. fillets/other fish meat of 03.04/livers & roes)","Import","4122394","2618265","Weight in kilograms","2618265"
"Norway","2011","Coalfish (Pollachius virens), frozen (excl. fillets/other fish meat of 03.04/livers & roes)","Export","88650128","42140457","Weight in kilograms","42140457"
"Norway","2011","Coalfish (Pollachius virens), frozen (excl. fillets/other fish meat of 03.04/livers & roes)","Import","1765786","772836","Weight in kilograms","772836"
"Norway","2011","Mackerel (Scomber scombrus/australasicus/japonicus), frozen (excl. fillets/other fish meat of 03.04/livers & roes)","Export","593560504","239253668","Weight in kilograms","239253668"
"Norway","2011","Mackerel (Scomber scombrus/australasicus/japonicus), frozen (excl. fillets/other fish meat of 03.04/livers & roes)","Import","5166369","2097178","Weight in kilograms","2097178"
"Norway","2011","Dogfish & other sharks, frozen (excl. fillets/other fish meat of 03.04/livers & roes)","Export","139880","27853","Weight in kilograms","27853"
"Norway","2011","Dogfish & other sharks, frozen (excl. fillets/other fish meat of 03.04/livers & roes)","Import","4783","678","Weight in kilograms","678"
"Norway","2011","Eels (Anguilla spp.), frozen (excl. fillets/other fish meat of 03.04/livers & roes)","Import","24620","974","Weight in kilograms","974"
"Norway","2011","Sea bass (Dicentrarchus labrax/punctatus), frozen (excl. fillets/other fish meat of 03.04/livers & roes)","Import","6761","423","Weight in kilograms","423"
"Norway","2011","Hake (Merluccius spp., Urophycis spp.), frozen (excl. fillets/other fish meat of 03.04/livers & roes)","Export","1737041","798577","Weight in kilograms","798577"
"Norway","2011","Fish (excl. of 0303.71 - 0303.78),n.e.s., frozen (excl. fillets/other fish meat of 03.04/livers & roes)","Export","161642112","142257957","Weight in kilograms","142257957"
"Norway","2011","Fish (excl. of 0303.71 - 0303.78),n.e.s., frozen (excl. fillets/other fish meat of 03.04/livers & roes)","Import","3736492","1649036","Weight in kilograms","1649036"
"Norway","2011","Fish livers & roes, frozen","Export","26952649","8678812","Weight in kilograms","8678812"
"Norway","2011","Fish livers & roes, frozen","Import","441905","257493","Weight in kilograms","257493"
"Norway","2011","Swordfish (Xiphias gladius),fresh/chilled","Import","17143","1026","Weight in kilograms","1026"
"Norway","2011","Fish fillets&other fish meat (excl. of 0304.11-0304.12, whether/not minced), fresh/chilled","Export","621902810","65332127","Weight in kilograms","65332127"
"Norway","2011","Fish fillets&other fish meat (excl. of 0304.11-0304.12, whether/not minced), fresh/chilled","Import","3834589","332078","Weight in kilograms","332078"
"Norway","2011","Swordfish (Xiphias gladius),frozen fillets","Import","11203","1000","Weight in kilograms","1000"
"Norway","2011","Fish fillets&other fish meat (excl. of 0304.21-0304.92, whether/not minced), frozen fillets","Export","745044734","112690577","Weight in kilograms","112690577"
"Norway","2011","Fish fillets&other fish meat (excl. of 0304.21-0304.92, whether/not minced), frozen fillets","Import","49960905","7649432","Weight in kilograms","7649432"
"Norway","2011","Fish meat, excluding fillets, whether or not minced; frozen, swordfish (Xiphias gladius)","Import","2195","150","Weight in kilograms","150"
"Norway","2011","Fish meat, excluding fillets, whether or not minced; frozen, n.e.c. in item no. 0304.9","Export","236466667","113636747","Weight in kilograms","113636747"
"Norway","2011","Fish meat, excluding fillets, whether or not minced; frozen, n.e.c. in item no. 0304.9","Import","18273903","5153842","Weight in kilograms","5153842"
"Norway","2011","Fish; flours, meals and pellets, fit for human consumption","Import","584518","34215","Weight in kilograms","34215"
"Norway","2011","Fish; livers, roes and milt of fish, dried, smoked, salted or in brine","Export","3135512","402526","Weight in kilograms","402526"
"Norway","2011","Fish; livers, roes and milt of fish, dried, smoked, salted or in brine","Import","108419","14728","Weight in kilograms","14728"
"Norway","2011","Fish fillets, dried/salted/in brine but not smoked","Export","44234768","9916629","Weight in kilograms","9916629"
"Norway","2011","Fish fillets, dried/salted/in brine but not smoked","Import","2588930","204131","Weight in kilograms","204131"
"Norway","2011","Fish; smoked, whether or not cooked before or during smoking, salmon, Pacific (Oncorhynchus nerka, gorbuscha, keta, tschawytscha, kisutch, masou, rhodurus), Atlantic (Salmo salar) and Danube (Hucho hucho), includes fillets, but excludes edible fish offal","Export","37988183","2075693","Weight in kilograms","2075693"
"Norway","2011","Fish; smoked, whether or not cooked before or during smoking, salmon, Pacific (Oncorhynchus nerka, gorbuscha, keta, tschawytscha, kisutch, masou, rhodurus), Atlantic (Salmo salar) and Danube (Hucho hucho), includes fillets, but excludes edible fish offal","Import","655144","34438","Weight in kilograms","34438"
"Norway","2011","Fish; smoked, whether or not cooked before or during smoking, herrings (Clupea harengus, Clupea pallasii), includes fillets, but excludes edible fish offal","Export","472734","71007","Weight in kilograms","71007"
"Norway","2011","Fish; smoked, whether or not cooked before or during smoking, herrings (Clupea harengus, Clupea pallasii), includes fillets, but excludes edible fish offal","Import","74177","8020","Weight in kilograms","8020"
"Norway","2011","Fish; smoked, whether or not cooked before or during smoking, n.e.c. in item no. 0305.4, includes fillets, but excludes edible fish offal","Import","1149344","65552","Weight in kilograms","65552"
"Norway","2011","Fish; dried, whether or not salted but not smoked, other than edible fish offal, cod (Gadus morhua, Gadus ogac, Gadus macrocephalus)","Export","475329106","48396834","Weight in kilograms","48396834"
"Norway","2011","Fish; dried, whether or not salted but not smoked, other than edible fish offal, cod (Gadus morhua, Gadus ogac, Gadus macrocephalus)","Import","1405627","99721","Weight in kilograms","99721"
"Norway","2011","Fish; dried, whether or not salted but not smoked, other than edible fish offal, n.e.c. in item no. 0305.5","Export","324644821","59172266","Weight in kilograms","59172266"
"Norway","2011","Fish; dried, whether or not salted but not smoked, other than edible fish offal, n.e.c. in item no. 0305.5","Import","602075","124593","Weight in kilograms","124593"
"Norway","2011","Fish; salted or in brine, not dried or smoked, other than edible fish offal, herrings (Clupea harengas, Clupea pallasii)","Export","2504812","1270979","Weight in kilograms","1270979"
"Norway","2011","Fish; salted or in brine, not dried or smoked, other than edible fish offal, herrings (Clupea harengas, Clupea pallasii)","Import","28124","16849","Weight in kilograms","16849"
"Norway","2011","Fish; salted or in brine, not dried or smoked, other than edible fish offal, cod (Gadus morhua, Gadus ogac, Gadus macrocephalus)","Export","157787184","25618973","Weight in kilograms","25618973"
"Norway","2011","Fish; salted or in brine, not dried or smoked, other than edible fish offal, cod (Gadus morhua, Gadus ogac, Gadus macrocephalus)","Import","5530","460","Weight in kilograms","460"
"Norway","2011","Fish; salted or in brine, not dried or smoked, other than edible fish offal, anchovies (Engrails spp.)","Import","63198","15630","Weight in kilograms","15630"
"Norway","2011","Fish; salted or in brine, not dried or smoked, other than edible fish offal, n.e.c. in item no. 0305.6","Export","7684630","2301923","Weight in kilograms","2301923"
"Norway","2011","Fish; salted or in brine, not dried or smoked, other than edible fish offal, n.e.c. in item no. 0305.6","Import","779403","186860","Weight in kilograms","186860"
"Norway","2011","Crustaceans; frozen, rock lobsters and other sea crawfish (Palinurus spp., Panulirus spp., Jasus spp.), in shell or not, smoked, cooked or not before or during smoking; in shell, cooked by steaming or by boiling in water","Export","40784","1236","Weight in kilograms","1236"
"Norway","2011","Crustaceans; frozen, rock lobsters and other sea crawfish (Palinurus spp., Panulirus spp., Jasus spp.), in shell or not, smoked, cooked or not before or during smoking; in shell, cooked by steaming or by boiling in water","Import","32913","8145","Weight in kilograms","8145"
"Norway","2011","Crustaceans; frozen, lobsters (Homarus spp.), in shell or not, smoked, cooked or not before or during smoking; in shell, cooked by steaming or by boiling in water","Export","265635","12604","Weight in kilograms","12604"
"Norway","2011","Crustaceans; frozen, lobsters (Homarus spp.), in shell or not, smoked, cooked or not before or during smoking; in shell, cooked by steaming or by boiling in water","Import","3322498","436192","Weight in kilograms","436192"
"Norway","2011","Shrimps & prawns, whether/not in shell, frozen","Export","11237531","3636955","Weight in kilograms","3636955"
"Norway","2011","Shrimps & prawns, whether/not in shell, frozen","Import","71810763","13731316","Weight in kilograms","13731316"
"Norway","2011","Crustaceans; frozen, crabs, in shell or not, smoked, cooked or not before or during smoking; in shell, cooked by steaming or by boiling in water","Export","32073639","1888214","Weight in kilograms","1888214"
"Norway","2011","Crustaceans; frozen, crabs, in shell or not, smoked, cooked or not before or during smoking; in shell, cooked by steaming or by boiling in water","Import","5350061","170970","Weight in kilograms","170970"
"Norway","2011","Crustaceans; frozen, n.e.c. in item no. 0306.1, in shell or not, smoked, cooked or not before or during smoking; in shell, cooked by steaming or by boiling in water","Export","230638","51807","Weight in kilograms","51807"
"Norway","2011","Crustaceans; frozen, n.e.c. in item no. 0306.1, in shell or not, smoked, cooked or not before or during smoking; in shell, cooked by steaming or by boiling in water","Import","1798389","160663","Weight in kilograms","160663"
"Norway","2011","Crustaceans; not frozen, rock lobsters and other sea crawfish (Palinurus spp., Panulirus spp., Jasus spp.), in shell or not, smoked, cooked or not before or during smoking; in shell, cooked by steaming or boiling in water; edible flours, meals, pellets","Export","53891","1982","Weight in kilograms","1982"
"Norway","2011","Crustaceans; not frozen, lobsters (Homarus spp.), whether in shell or not, smoked, cooked or not before or during smoking; in shell, cooked by steaming or by boiling in water; edible flours, meals, and pellets","Export","489649","10905","Weight in kilograms","10905"
"Norway","2011","Crustaceans; not frozen, lobsters (Homarus spp.), whether in shell or not, smoked, cooked or not before or during smoking; in shell, cooked by steaming or by boiling in water; edible flours, meals, and pellets","Import","3529337","186461","Weight in kilograms","186461"
"Norway","2011","Shrimps & prawns, whether/not in shell, other than frozen","Export","6030625","588639","Weight in kilograms","588639"
"Norway","2011","Shrimps & prawns, whether/not in shell, other than frozen","Import","77468","4955","Weight in kilograms","4955"
"Norway","2011","Crustaceans; not frozen, crabs, whether in shell or not, smoked, cooked or not before or during smoking; in shell, cooked by steaming or by boiling in water; edible flours, meals, and pellets","Export","3745026","175825","Weight in kilograms","175825"
"Norway","2011","Crustaceans; not frozen, crabs, whether in shell or not, smoked, cooked or not before or during smoking; in shell, cooked by steaming or by boiling in water; edible flours, meals, and pellets","Import","113963","6553","Weight in kilograms","6553"
"Norway","2011","Crustaceans; not frozen, n.e.c. in item no. 0306.2, in shell or not, smoked, cooked or not before or during smoking; in shell, cooked by steaming or by boiling in water; including edible flours, meals, and pellets of crustaceans","Export","10476295","1479442","Weight in kilograms","1479442"
"Norway","2011","Crustaceans; not frozen, n.e.c. in item no. 0306.2, in shell or not, smoked, cooked or not before or during smoking; in shell, cooked by steaming or by boiling in water; including edible flours, meals, and pellets of crustaceans","Import","724242","458935","Weight in kilograms","458935"
"Norway","2011","Oysters, whether/not in shell, live/fresh/chilled/frozen/dried/salted/in brine","Export","15473","411","Weight in kilograms","411"
"Norway","2011","Oysters, whether/not in shell, live/fresh/chilled/frozen/dried/salted/in brine","Import","559567","53633","Weight in kilograms","53633"
"Norway","2011","Molluscs; scallops and other molluscs of the family Pectinidae, whether in shell or not, live, fresh or chilled","Export","4324725","559700","Weight in kilograms","559700"
"Norway","2011","Molluscs; scallops and other molluscs of the family Pectinidae, whether in shell or not, live, fresh or chilled","Import","2960348","154001","Weight in kilograms","154001"
"Norway","2011","Molluscs; scallops and other molluscs of the family Pectinidae, whether in shell or not, dried, salted, in brine, or smoked, cooked or not before or during the smoking process","Export","736982","27888","Weight in kilograms","27888"
"Norway","2011","Molluscs; scallops and other molluscs of the family Pectinidae, whether in shell or not, dried, salted, in brine, or smoked, cooked or not before or during the smoking process","Import","4872068","245884","Weight in kilograms","245884"
"Norway","2011","Molluscs; mussels (Mytilus spp., Perna spp.), whether in shell or not, live, fresh or chilled","Export","721524","205415","Weight in kilograms","205415"
"Norway","2011","Molluscs; mussels (Mytilus spp., Perna spp.), whether in shell or not, live, fresh or chilled","Import","361822","96778","Weight in kilograms","96778"
"Norway","2011","Molluscs; mussels (Mytilus spp., Perna spp.), whether in shell or not, dried, salted, in brine, or smoked, cooked or not before or during the smoking process","Export","113991","26576","Weight in kilograms","26576"
"Norway","2011","Molluscs; mussels (Mytilus spp., Perna spp.), whether in shell or not, dried, salted, in brine, or smoked, cooked or not before or during the smoking process","Import","74778","14527","Weight in kilograms","14527"
"Norway","2011","Molluscs; cuttle fish and squid, whether in shell or not, live, fresh or chilled","Export","1994","291","Weight in kilograms","291"
"Norway","2011","Molluscs; cuttle fish and squid, whether in shell or not, live, fresh or chilled","Import","12472","1922","Weight in kilograms","1922"
"Norway","2011","Molluscs; cuttle fish and squid, whether in shell or not, dried, salted, in brine, or smoked, cooked or not before or during the smoking process","Export","112473","32623","Weight in kilograms","32623"
"Norway","2011","Molluscs; cuttle fish and squid, whether in shell or not, dried, salted, in brine, or smoked, cooked or not before or during the smoking process","Import","543821","98477","Weight in kilograms","98477"
"Norway","2011","Molluscs; octopus (Octopus spp.), live, fresh or chilled","Import","19488","750","Weight in kilograms","750"
"Norway","2011","Molluscs; octopus (Octopus spp.), dried, salted, in brine, or smoked, cooked or not before or during the smoking process","Import","179427","27319","Weight in kilograms","27319"
"Norway","2011","Molluscs; snails, other than sea snails, whether in shell or not, live, fresh, chilled, frozen, dried, salted, in brine, or smoked, cooked or not before or during the smoking process","Import","15963","2567","Weight in kilograms","2567"
"Norway","2011","Molluscs; n.e.c. in heading 0307, whether in shell or not, live or fresh, chilled","Export","55285","10782","Weight in kilograms","10782"
"Norway","2011","Molluscs; n.e.c. in heading 0307, whether in shell or not, live or fresh, chilled","Import","170153","21134","Weight in kilograms","21134"
"Norway","2011","Molluscs; n.e.c. in heading 0307, whether in shell or not, dried, salted, in brine, or smoked, cooked or not before or during the smoking process","Export","361980","9198","Weight in kilograms","9198"
"Norway","2011","Molluscs; n.e.c. in heading 0307, whether in shell or not, dried, salted, in brine, or smoked, cooked or not before or during the smoking process","Import","529032","30196","Weight in kilograms","30196"
"Norway","2010","Live ornamental fish","Import","4395134","101954","Weight in kilograms","101954"
"Norway","2010","Fish; live, trout (Salmo trutta, Oncorhynchus mykiss, Oncorhynchus clarki, Oncorhynchus aguabonita, Oncorhynchus gilae, Oncorhynchus apache and Oncorhynchus chrysogaster)","Import","28996","2650","Weight in kilograms","2650"
"Norway","2010","Fish; live, eels (Anguilla spp.)","Export","265808","31692","Weight in kilograms","31692"
"Norway","2010","Fish; live, carp (Cyprinus spp., Carassius spp., Ctenopharyngodon idellus, Hypophthalmichthys spp., Cirrhinus spp., Mylopharyngodon piceus, Catla catla, Labeo spp., Osteochilus hasselti, Leptobarbus hoeveni, Megalobrama spp.)","Import","40276","663","Weight in kilograms","663"
"Norway","2010","Fish; live, n.e.c. in heading 0301","Export","6995153","259794","Weight in kilograms","259794"
"Norway","2010","Fish; live, n.e.c. in heading 0301","Import","5976587","388134","Weight in kilograms","388134"
"Norway","2010","Fish; fresh or chilled, trout (Salmo trutta, Oncorhynchus mykiss, Oncorhynchus clarki, Oncorhynchus aguabonita, Oncorhynchus gilae, Oncorhynchus apache and Oncorhynchus chrysogaster), excluding fillets, fish meat of 0304, and edible fish offal of 0302.9","Export","178284756","26359323","Weight in kilograms","26359323"
"Norway","2010","Fish; fresh or chilled, trout (Salmo trutta, Oncorhynchus mykiss, Oncorhynchus clarki, Oncorhynchus aguabonita, Oncorhynchus gilae, Oncorhynchus apache and Oncorhynchus chrysogaster), excluding fillets, fish meat of 0304, and edible fish offal of 0302.9","Import","940468","129772","Weight in kilograms","129772"
"Norway","2010","Pacific salmon/Atlantic salmon/Danube salmon [see list of conventions for species incld.], fresh/chilled (excl. fillets/other fish meat of 03.04/livers & roes)","Export","3839092979","618029890","Weight in kilograms","618029890"
"Norway","2010","Pacific salmon/Atlantic salmon/Danube salmon [see list of conventions for species incld.], fresh/chilled (excl. fillets/other fish meat of 03.04/livers & roes)","Import","384178","51506","Weight in kilograms","51506"
"Norway","2010","Fish; fresh or chilled, salmonidae, n.e.c. in item no. 0302.1, excluding fillets, fish meat of 0304, and edible fish offal of subheadings 0302.91 to 0302.99","Export","1295388","164790","Weight in kilograms","164790"
"Norway","2010","Fish; fresh or chilled, salmonidae, n.e.c. in item no. 0302.1, excluding fillets, fish meat of 0304, and edible fish offal of subheadings 0302.91 to 0302.99","Import","10654","1150","Weight in kilograms","1150"
"Norway","2010","Fish; fresh or chilled, halibut (Reinhardtius hippoglossoides, Hippoglossus hippoglossus, Hippoglossus stenolepis), excluding fillets, fish meat of 0304, and edible fish offal of subheadings 0302.91 to 0302.99","Export","24006056","2510108","Weight in kilograms","2510108"
"Norway","2010","Fish; fresh or chilled, halibut (Reinhardtius hippoglossoides, Hippoglossus hippoglossus, Hippoglossus stenolepis), excluding fillets, fish meat of 0304, and edible fish offal of subheadings 0302.91 to 0302.99","Import","16285","1310","Weight in kilograms","1310"
"Norway","2010","Fish; fresh or chilled, plaice (Pleuronectes platessa), excluding fillets, fish meat of 0304, and edible fish offal of subheadings 0302.91 to 0302.99","Export","2787748","1402435","Weight in kilograms","1402435"
"Norway","2010","Fish; fresh or chilled, plaice (Pleuronectes platessa), excluding fillets, fish meat of 0304, and edible fish offal of subheadings 0302.91 to 0302.99","Import","20310","3951","Weight in kilograms","3951"
"Norway","2010","Fish; fresh or chilled, sole (Solea spp.), excluding fillets, fish meat of 0304, and edible fish offal of subheadings 0302.91 to 0302.99","Export","48577","2864","Weight in kilograms","2864"
"Norway","2010","Fish; fresh or chilled, sole (Solea spp.), excluding fillets, fish meat of 0304, and edible fish offal of subheadings 0302.91 to 0302.99","Import","16923","672","Weight in kilograms","672"
"Norway","2010","Fish; fresh or chilled, flat fish, n.e.c. in item no. 0302.2, excluding fillets, fish meat of 0304, and edible fish offal of subheadings 0302.91 to 0302.99","Export","3149171","348246","Weight in kilograms","348246"
"Norway","2010","Fish; fresh or chilled, flat fish, n.e.c. in item no. 0302.2, excluding fillets, fish meat of 0304, and edible fish offal of subheadings 0302.91 to 0302.99","Import","4846","445","Weight in kilograms","445"
"Norway","2010","Fish; fresh or chilled, yellowfin tunas (Thunnus albacares), excluding fillets, fish meat of 0304, and edible fish offal of subheadings 0302.91 to 0302.99","Import","33556","1336","Weight in kilograms","1336"
"Norway","2010","Fish; fresh or chilled, southern bluefin tunas (Thunnus maccoyii), excluding fillets, fish meat of 0304, and edible fish offal of subheadings 0302.91 to 0302.99","Import","43639","1668","Weight in kilograms","1668"
"Norway","2010","Fish; fresh or chilled, tuna, n.e.c. in item no. 0302.3, excluding fillets, fish meat of 0304, and edible fish offal of subheadings 0302.91 to 0302.99","Import","14828","2017","Weight in kilograms","2017"
"Norway","2010","Herrings (Clupea harengus/pallasii), fresh/chilled (excl. fillets/other fish meat of 03.04/livers & roes)","Export","26080432","39579838","Weight in kilograms","39579838"
"Norway","2010","Herrings (Clupea harengus/pallasii), fresh/chilled (excl. fillets/other fish meat of 03.04/livers & roes)","Import","21669486","39024930","Weight in kilograms","39024930"
"Norway","2010","Cod (Gadus morhua/ogac/macrocephalus), fresh/chilled (excl. fillets/other fish meat of 03.04/livers & roes)","Export","108920870","27889705","Weight in kilograms","27889705"
"Norway","2010","Cod (Gadus morhua/ogac/macrocephalus), fresh/chilled (excl. fillets/other fish meat of 03.04/livers & roes)","Import","46583","6671","Weight in kilograms","6671"
"Norway","2010","Sardines (Sardina pilchardus, Sardinops spp.)/sardinella (Sardinella spp.)/brisling/sprats (Sprattus sprattus), fresh/chilled (excl. fillets/other fish meat of 03.04/livers/roes)","Export","540871","918054","Weight in kilograms","918054"
"Norway","2010","Haddock (Melanogrammus aeglefinus), fresh/chilled (excl. fillets/other fish meat of 03.04/livers & roes)","Export","35837370","17355955","Weight in kilograms","17355955"
"Norway","2010","Coalfish (Pollachius virens), fresh/chilled (excl. fillets/other fish meat of 03.04/livers & roes)","Export","17712485","9712672","Weight in kilograms","9712672"
"Norway","2010","Mackerel (Scomber scombrus/australasicus/japonicus), fresh/chilled (excl. fillets/other fish meat of 03.04/livers & roes)","Export","25876015","19717158","Weight in kilograms","19717158"
"Norway","2010","Mackerel (Scomber scombrus/australasicus/japonicus), fresh/chilled (excl. fillets/other fish meat of 03.04/livers & roes)","Import","74012240","52342235","Weight in kilograms","52342235"
"Norway","2010","Dogfish & other sharks, fresh/chilled (excl. fillets/other fish meat of 03.04/livers & roes)","Export","1200553","495464","Weight in kilograms","495464"
"Norway","2010","Eels (Anguilla spp.), fresh/chilled (excl. fillets/other fish meat of 03.04/livers & roes)","Import","9405","480","Weight in kilograms","480"
"Norway","2010","Fish,n.e.s. in 03.02, fresh/chilled(excl. fillets/other fish meat of 03.04/livers & roes).","Export","80835177","109759686","Weight in kilograms","109759686"
"Norway","2010","Fish,n.e.s. in 03.02, fresh/chilled(excl. fillets/other fish meat of 03.04/livers & roes).","Import","1039782","349036","Weight in kilograms","349036"
"Norway","2010","Fish livers & roes, fresh/chilled","Export","3407345","1349245","Weight in kilograms","1349245"
"Norway","2010","Fish livers & roes, fresh/chilled","Import","52734","7008","Weight in kilograms","7008"
"Norway","2010","Trout (Salmo trutta, Oncorhynchus mykiss/clarki/aguabonita/gilae/apache/chrysogaster), frozen (excl. fillets/other fish meat of 03.04/livers & roes)","Export","79797460","12471056","Weight in kilograms","12471056"
"Norway","2010","Trout (Salmo trutta, Oncorhynchus mykiss/clarki/aguabonita/gilae/apache/chrysogaster), frozen (excl. fillets/other fish meat of 03.04/livers & roes)","Import","672584","123196","Weight in kilograms","123196"
"Norway","2010","Atlantic salmon (Salmo salar) & Danube salmon (Hucho hucho), frozen (excl. fillets/other fish meat of 03.04/livers & roes)","Export","272411982","50620802","Weight in kilograms","50620802"
"Norway","2010","Atlantic salmon (Salmo salar) & Danube salmon (Hucho hucho), frozen (excl. fillets/other fish meat of 03.04/livers & roes)","Import","107337","10783","Weight in kilograms","10783"
"Norway","2010","Fish; frozen, Nile perch (Lates niloticus) and snakeheads (Channa spp.), excluding fillets, fish meat of 0304, and edible fish offal of subheadings 0303.91 to 0303.99","Export","108193","105304","Weight in kilograms","105304"
"Norway","2010","Fish; frozen, halibut (Reinhardtius hippoglossoides, Hippoglossus hippoglossus, Hippoglossus stenolepis), excluding fillets, fish meat of 0304, and edible fish offal of subheadings 0303.91 to 0303.99","Export","44761025","8636818","Weight in kilograms","8636818"
"Norway","2010","Fish; frozen, halibut (Reinhardtius hippoglossoides, Hippoglossus hippoglossus, Hippoglossus stenolepis), excluding fillets, fish meat of 0304, and edible fish offal of subheadings 0303.91 to 0303.99","Import","205109","43008","Weight in kilograms","43008"
"Norway","2010","Fish; frozen, plaice (Pleuronectes platessa), excluding fillets, fish meat of 0304, and edible fish offal of subheadings 0303.91 to 0303.99","Export","25965","16178","Weight in kilograms","16178"
"Norway","2010","Fish; frozen, plaice (Pleuronectes platessa), excluding fillets, fish meat of 0304, and edible fish offal of subheadings 0303.91 to 0303.99","Import","4209","1041","Weight in kilograms","1041"
"Norway","2010","Fish; frozen, sole (Solea spp.), excluding fillets, fish meat of 0304, and edible fish offal of subheadings 0303.91 to 0303.99","Import","28876","1255","Weight in kilograms","1255"
"Norway","2010","Fish; frozen, flat fish, n.e.c. in item no. 0303.3, excluding fillets, fish meat of 0304, and edible fish offal of subheadings 0303.91 to 0303.99","Export","1890","1072","Weight in kilograms","1072"
"Norway","2010","Fish; frozen, flat fish, n.e.c. in item no. 0303.3, excluding fillets, fish meat of 0304, and edible fish offal of subheadings 0303.91 to 0303.99","Import","12718","1250","Weight in kilograms","1250"
"Norway","2010","Fish; frozen, yellowfin tunas (Thunnus albacares), excluding fillets, fish meat of 0304, and edible fish offal of subheadings 0303.91 to 0303.99","Import","8558","1208","Weight in kilograms","1208"
"Norway","2010","Fish; frozen, skipjack tuna (stripe-bellied bonito) (Katsuwonus pelamis), excluding fillets, fish meat of 0304, and edible fish offal of subheadings 0303.91 to 0303.99","Export","575","45","Weight in kilograms","45"
"Norway","2010","Fish; frozen, skipjack tuna (stripe-bellied bonito) (Katsuwonus pelamis), excluding fillets, fish meat of 0304, and edible fish offal of subheadings 0303.91 to 0303.99","Import","8555","1820","Weight in kilograms","1820"
"Norway","2010","Fish; frozen, southern bluefin tunas (Thunnus maccoyii), excluding fillets, fish meat of 0304, and edible fish offal of subheadings 0303.91 to 0303.99","Import","7016","124","Weight in kilograms","124"
"Norway","2010","Fish; frozen, tuna, n.e.c. in item no. 0303.4, excluding fillets, fish meat of 0304, and edible fish offal of subheadings 0303.91 to 0303.99","Import","99059","4009","Weight in kilograms","4009"
"Norway","2010","Fish; frozen, herrings (Clupea harengus, Clupea pallasii), excluding fillets, fish meat of 0304, and edible fish offal of subheadings 0303.91 to 0303.99","Export","339841847","448082363","Weight in kilograms","448082363"
"Norway","2010","Fish; frozen, herrings (Clupea harengus, Clupea pallasii), excluding fillets, fish meat of 0304, and edible fish offal of subheadings 0303.91 to 0303.99","Import","750656","900000","Weight in kilograms","900000"
"Norway","2010","Cod (Gadus morhua, Gadus ogac, Gadus macrocephalus), frozen (excl. fillets/other fish meat of 03.04/livers & roes)","Export","102549846","34797463","Weight in kilograms","34797463"
"Norway","2010","Cod (Gadus morhua, Gadus ogac, Gadus macrocephalus), frozen (excl. fillets/other fish meat of 03.04/livers & roes)","Import","70023868","22607214","Weight in kilograms","22607214"
"Norway","2010","Toothfish (Dissostichus spp.),frozen (excl. fillets/other fish meat of 03.04/livers & roes)","Export","9961","439","Weight in kilograms","439"
"Norway","2010","Sardines (Sardina pilchardus, Sardinops spp.)/sardinella (Sardinella spp.)/brisling/sprats (Sprattus sprattus), frozen (excl. fillets/other fish meat of 03.04/livers & roes)","Export","4201789","2903580","Weight in kilograms","2903580"
"Norway","2010","Sardines (Sardina pilchardus, Sardinops spp.)/sardinella (Sardinella spp.)/brisling/sprats (Sprattus sprattus), frozen (excl. fillets/other fish meat of 03.04/livers & roes)","Import","2918","1150","Weight in kilograms","1150"
"Norway","2010","Haddock (Melanogrammus aeglefinus), frozen (excl. fillets/other fish meat of 03.04/livers & roes)","Export","125810804","53853336","Weight in kilograms","53853336"
"Norway","2010","Haddock (Melanogrammus aeglefinus), frozen (excl. fillets/other fish meat of 03.04/livers & roes)","Import","5114626","3162003","Weight in kilograms","3162003"
"Norway","2010","Coalfish (Pollachius virens), frozen (excl. fillets/other fish meat of 03.04/livers & roes)","Export","66210071","34527649","Weight in kilograms","34527649"
"Norway","2010","Coalfish (Pollachius virens), frozen (excl. fillets/other fish meat of 03.04/livers & roes)","Import","677526","406269","Weight in kilograms","406269"
"Norway","2010","Mackerel (Scomber scombrus/australasicus/japonicus), frozen (excl. fillets/other fish meat of 03.04/livers & roes)","Export","466225451","265046940","Weight in kilograms","265046940"
"Norway","2010","Mackerel (Scomber scombrus/australasicus/japonicus), frozen (excl. fillets/other fish meat of 03.04/livers & roes)","Import","7148009","4235878","Weight in kilograms","4235878"
"Norway","2010","Dogfish & other sharks, frozen (excl. fillets/other fish meat of 03.04/livers & roes)","Export","251979","23331","Weight in kilograms","23331"
"Norway","2010","Dogfish & other sharks, frozen (excl. fillets/other fish meat of 03.04/livers & roes)","Import","3803","525","Weight in kilograms","525"
"Norway","2010","Eels (Anguilla spp.), frozen (excl. fillets/other fish meat of 03.04/livers & roes)","Import","11556","770","Weight in kilograms","770"
"Norway","2010","Sea bass (Dicentrarchus labrax/punctatus), frozen (excl. fillets/other fish meat of 03.04/livers & roes)","Import","6491","306","Weight in kilograms","306"
"Norway","2010","Hake (Merluccius spp., Urophycis spp.), frozen (excl. fillets/other fish meat of 03.04/livers & roes)","Export","412201","232040","Weight in kilograms","232040"
"Norway","2010","Fish (excl. of 0303.71 - 0303.78),n.e.s., frozen (excl. fillets/other fish meat of 03.04/livers & roes)","Export","135368841","174722773","Weight in kilograms","174722773"
"Norway","2010","Fish (excl. of 0303.71 - 0303.78),n.e.s., frozen (excl. fillets/other fish meat of 03.04/livers & roes)","Import","1441831","555515","Weight in kilograms","555515"
"Norway","2010","Fish livers & roes, frozen","Export","23933757","7056969","Weight in kilograms","7056969"
"Norway","2010","Fish livers & roes, frozen","Import","448939","102477","Weight in kilograms","102477"
"Norway","2010","Swordfish (Xiphias gladius),fresh/chilled","Import","5663","490","Weight in kilograms","490"
"Norway","2010","Fish fillets&other fish meat (excl. of 0304.11-0304.12, whether/not minced), fresh/chilled","Export","706551593","78281464","Weight in kilograms","78281464"
"Norway","2010","Fish fillets&other fish meat (excl. of 0304.11-0304.12, whether/not minced), fresh/chilled","Import","3647379","305418","Weight in kilograms","305418"
"Norway","2010","Swordfish (Xiphias gladius),frozen fillets","Import","5701","700","Weight in kilograms","700"
"Norway","2010","Fish fillets&other fish meat (excl. of 0304.21-0304.92, whether/not minced), frozen fillets","Export","669921604","119051439","Weight in kilograms","119051439"
"Norway","2010","Fish fillets&other fish meat (excl. of 0304.21-0304.92, whether/not minced), frozen fillets","Import","45749956","7731277","Weight in kilograms","7731277"
"Norway","2010","Fish meat, excluding fillets, whether or not minced; frozen, n.e.c. in item no. 0304.9","Export","163164483","131078788","Weight in kilograms","131078788"
"Norway","2010","Fish meat, excluding fillets, whether or not minced; frozen, n.e.c. in item no. 0304.9","Import","14777794","4509272","Weight in kilograms","4509272"
"Norway","2010","Fish; flours, meals and pellets, fit for human consumption","Import","242366","17703","Weight in kilograms","17703"
"Norway","2010","Fish; livers, roes and milt of fish, dried, smoked, salted or in brine","Export","6058988","951305","Weight in kilograms","951305"
"Norway","2010","Fish; livers, roes and milt of fish, dried, smoked, salted or in brine","Import","107249","15619","Weight in kilograms","15619"
"Norway","2010","Fish fillets, dried/salted/in brine but not smoked","Export","36660309","9385020","Weight in kilograms","9385020"
"Norway","2010","Fish fillets, dried/salted/in brine but not smoked","Import","2759016","276832","Weight in kilograms","276832"
"Norway","2010","Fish; smoked, whether or not cooked before or during smoking, salmon, Pacific (Oncorhynchus nerka, gorbuscha, keta, tschawytscha, kisutch, masou, rhodurus), Atlantic (Salmo salar) and Danube (Hucho hucho), includes fillets, but excludes edible fish offal","Export","36850634","2179903","Weight in kilograms","2179903"
"Norway","2010","Fish; smoked, whether or not cooked before or during smoking, salmon, Pacific (Oncorhynchus nerka, gorbuscha, keta, tschawytscha, kisutch, masou, rhodurus), Atlantic (Salmo salar) and Danube (Hucho hucho), includes fillets, but excludes edible fish offal","Import","394436","24600","Weight in kilograms","24600"
"Norway","2010","Fish; smoked, whether or not cooked before or during smoking, herrings (Clupea harengus, Clupea pallasii), includes fillets, but excludes edible fish offal","Export","356981","62995","Weight in kilograms","62995"
"Norway","2010","Fish; smoked, whether or not cooked before or during smoking, herrings (Clupea harengus, Clupea pallasii), includes fillets, but excludes edible fish offal","Import","72838","8439","Weight in kilograms","8439"
"Norway","2010","Fish; smoked, whether or not cooked before or during smoking, n.e.c. in item no. 0305.4, includes fillets, but excludes edible fish offal","Import","676668","34218","Weight in kilograms","34218"
"Norway","2010","Fish; dried, whether or not salted but not smoked, other than edible fish offal, cod (Gadus morhua, Gadus ogac, Gadus macrocephalus)","Export","415772364","49188586","Weight in kilograms","49188586"
"Norway","2010","Fish; dried, whether or not salted but not smoked, other than edible fish offal, cod (Gadus morhua, Gadus ogac, Gadus macrocephalus)","Import","1360491","119771","Weight in kilograms","119771"
"Norway","2010","Fish; dried, whether or not salted but not smoked, other than edible fish offal, n.e.c. in item no. 0305.5","Export","284883648","58373939","Weight in kilograms","58373939"
"Norway","2010","Fish; dried, whether or not salted but not smoked, other than edible fish offal, n.e.c. in item no. 0305.5","Import","1103764","202689","Weight in kilograms","202689"
"Norway","2010","Fish; salted or in brine, not dried or smoked, other than edible fish offal, herrings (Clupea harengas, Clupea pallasii)","Export","1543406","1058522","Weight in kilograms","1058522"
"Norway","2010","Fish; salted or in brine, not dried or smoked, other than edible fish offal, herrings (Clupea harengas, Clupea pallasii)","Import","22392","16643","Weight in kilograms","16643"
"Norway","2010","Fish; salted or in brine, not dried or smoked, other than edible fish offal, cod (Gadus morhua, Gadus ogac, Gadus macrocephalus)","Export","124919335","24790149","Weight in kilograms","24790149"
"Norway","2010","Fish; salted or in brine, not dried or smoked, other than edible fish offal, cod (Gadus morhua, Gadus ogac, Gadus macrocephalus)","Import","267536","19360","Weight in kilograms","19360"
"Norway","2010","Fish; salted or in brine, not dried or smoked, other than edible fish offal, anchovies (Engrails spp.)","Export","940","124","Weight in kilograms","124"
"Norway","2010","Fish; salted or in brine, not dried or smoked, other than edible fish offal, anchovies (Engrails spp.)","Import","79572","19911","Weight in kilograms","19911"
"Norway","2010","Fish; salted or in brine, not dried or smoked, other than edible fish offal, n.e.c. in item no. 0305.6","Export","8064014","2937743","Weight in kilograms","2937743"
"Norway","2010","Fish; salted or in brine, not dried or smoked, other than edible fish offal, n.e.c. in item no. 0305.6","Import","525258","132526","Weight in kilograms","132526"
"Norway","2010","Crustaceans; frozen, rock lobsters and other sea crawfish (Palinurus spp., Panulirus spp., Jasus spp.), in shell or not, smoked, cooked or not before or during smoking; in shell, cooked by steaming or by boiling in water","Export","100388","7742","Weight in kilograms","7742"
"Norway","2010","Crustaceans; frozen, rock lobsters and other sea crawfish (Palinurus spp., Panulirus spp., Jasus spp.), in shell or not, smoked, cooked or not before or during smoking; in shell, cooked by steaming or by boiling in water","Import","56682","5315","Weight in kilograms","5315"
"Norway","2010","Crustaceans; frozen, lobsters (Homarus spp.), in shell or not, smoked, cooked or not before or during smoking; in shell, cooked by steaming or by boiling in water","Export","373280","41040","Weight in kilograms","41040"
"Norway","2010","Crustaceans; frozen, lobsters (Homarus spp.), in shell or not, smoked, cooked or not before or during smoking; in shell, cooked by steaming or by boiling in water","Import","3378937","460068","Weight in kilograms","460068"
"Norway","2010","Shrimps & prawns, whether/not in shell, frozen","Export","8660200","3125718","Weight in kilograms","3125718"
"Norway","2010","Shrimps & prawns, whether/not in shell, frozen","Import","57097603","14762877","Weight in kilograms","14762877"
"Norway","2010","Crustaceans; frozen, crabs, in shell or not, smoked, cooked or not before or during smoking; in shell, cooked by steaming or by boiling in water","Export","32991476","2809645","Weight in kilograms","2809645"
"Norway","2010","Crustaceans; frozen, crabs, in shell or not, smoked, cooked or not before or during smoking; in shell, cooked by steaming or by boiling in water","Import","1596225","90307","Weight in kilograms","90307"
"Norway","2010","Crustaceans; frozen, n.e.c. in item no. 0306.1, in shell or not, smoked, cooked or not before or during smoking; in shell, cooked by steaming or by boiling in water","Export","499508","152221","Weight in kilograms","152221"
"Norway","2010","Crustaceans; frozen, n.e.c. in item no. 0306.1, in shell or not, smoked, cooked or not before or during smoking; in shell, cooked by steaming or by boiling in water","Import","628478","88459","Weight in kilograms","88459"
"Norway","2010","Crustaceans; not frozen, rock lobsters and other sea crawfish (Palinurus spp., Panulirus spp., Jasus spp.), in shell or not, smoked, cooked or not before or during smoking; in shell, cooked by steaming or boiling in water; edible flours, meals, pellets","Export","1181","52","Weight in kilograms","52"
"Norway","2010","Crustaceans; not frozen, lobsters (Homarus spp.), whether in shell or not, smoked, cooked or not before or during smoking; in shell, cooked by steaming or by boiling in water; edible flours, meals, and pellets","Export","501507","12631","Weight in kilograms","12631"
"Norway","2010","Crustaceans; not frozen, lobsters (Homarus spp.), whether in shell or not, smoked, cooked or not before or during smoking; in shell, cooked by steaming or by boiling in water; edible flours, meals, and pellets","Import","2787075","161663","Weight in kilograms","161663"
"Norway","2010","Shrimps & prawns, whether/not in shell, other than frozen","Export","6598415","709928","Weight in kilograms","709928"
"Norway","2010","Shrimps & prawns, whether/not in shell, other than frozen","Import","34892","2954","Weight in kilograms","2954"
"Norway","2010","Crustaceans; not frozen, crabs, whether in shell or not, smoked, cooked or not before or during smoking; in shell, cooked by steaming or by boiling in water; edible flours, meals, and pellets","Export","3133944","178787","Weight in kilograms","178787"
"Norway","2010","Crustaceans; not frozen, crabs, whether in shell or not, smoked, cooked or not before or during smoking; in shell, cooked by steaming or by boiling in water; edible flours, meals, and pellets","Import","17007","1114","Weight in kilograms","1114"
"Norway","2010","Crustaceans; not frozen, n.e.c. in item no. 0306.2, in shell or not, smoked, cooked or not before or during smoking; in shell, cooked by steaming or by boiling in water; including edible flours, meals, and pellets of crustaceans","Export","8634151","1086707","Weight in kilograms","1086707"
"Norway","2010","Crustaceans; not frozen, n.e.c. in item no. 0306.2, in shell or not, smoked, cooked or not before or during smoking; in shell, cooked by steaming or by boiling in water; including edible flours, meals, and pellets of crustaceans","Import","56779","5539","Weight in kilograms","5539"
"Norway","2010","Oysters, whether/not in shell, live/fresh/chilled/frozen/dried/salted/in brine","Export","224","5","Weight in kilograms","5"
"Norway","2010","Oysters, whether/not in shell, live/fresh/chilled/frozen/dried/salted/in brine","Import","342522","37781","Weight in kilograms","37781"
"Norway","2010","Molluscs; scallops and other molluscs of the family Pectinidae, whether in shell or not, live, fresh or chilled","Export","4106905","601715","Weight in kilograms","601715"
"Norway","2010","Molluscs; scallops and other molluscs of the family Pectinidae, whether in shell or not, live, fresh or chilled","Import","2195678","118905","Weight in kilograms","118905"
"Norway","2010","Molluscs; scallops and other molluscs of the family Pectinidae, whether in shell or not, dried, salted, in brine, or smoked, cooked or not before or during the smoking process","Export","592606","26504","Weight in kilograms","26504"
"Norway","2010","Molluscs; scallops and other molluscs of the family Pectinidae, whether in shell or not, dried, salted, in brine, or smoked, cooked or not before or during the smoking process","Import","3481260","233300","Weight in kilograms","233300"
"Norway","2010","Molluscs; mussels (Mytilus spp., Perna spp.), whether in shell or not, live, fresh or chilled","Export","873530","454427","Weight in kilograms","454427"
"Norway","2010","Molluscs; mussels (Mytilus spp., Perna spp.), whether in shell or not, live, fresh or chilled","Import","301279","93425","Weight in kilograms","93425"
"Norway","2010","Molluscs; mussels (Mytilus spp., Perna spp.), whether in shell or not, dried, salted, in brine, or smoked, cooked or not before or during the smoking process","Export","66389","16464","Weight in kilograms","16464"
"Norway","2010","Molluscs; mussels (Mytilus spp., Perna spp.), whether in shell or not, dried, salted, in brine, or smoked, cooked or not before or during the smoking process","Import","101652","25322","Weight in kilograms","25322"
"Norway","2010","Molluscs; cuttle fish and squid, whether in shell or not, live, fresh or chilled","Export","3584","716","Weight in kilograms","716"
"Norway","2010","Molluscs; cuttle fish and squid, whether in shell or not, live, fresh or chilled","Import","9307","1361","Weight in kilograms","1361"
"Norway","2010","Molluscs; cuttle fish and squid, whether in shell or not, dried, salted, in brine, or smoked, cooked or not before or during the smoking process","Export","36359","3306","Weight in kilograms","3306"
"Norway","2010","Molluscs; cuttle fish and squid, whether in shell or not, dried, salted, in brine, or smoked, cooked or not before or during the smoking process","Import","437129","106035","Weight in kilograms","106035"
"Norway","2010","Molluscs; octopus (Octopus spp.), live, fresh or chilled","Import","2397","252","Weight in kilograms","252"
"Norway","2010","Molluscs; octopus (Octopus spp.), dried, salted, in brine, or smoked, cooked or not before or during the smoking process","Import","159564","28967","Weight in kilograms","28967"
"Norway","2010","Molluscs; snails, other than sea snails, whether in shell or not, live, fresh, chilled, frozen, dried, salted, in brine, or smoked, cooked or not before or during the smoking process","Import","8722","1594","Weight in kilograms","1594"
"Norway","2010","Molluscs; n.e.c. in heading 0307, whether in shell or not, live or fresh, chilled","Export","136342","19730","Weight in kilograms","19730"
"Norway","2010","Molluscs; n.e.c. in heading 0307, whether in shell or not, live or fresh, chilled","Import","203717","18055","Weight in kilograms","18055"
"Norway","2010","Molluscs; n.e.c. in heading 0307, whether in shell or not, dried, salted, in brine, or smoked, cooked or not before or during the smoking process","Export","395312","16152","Weight in kilograms","16152"
"Norway","2010","Molluscs; n.e.c. in heading 0307, whether in shell or not, dried, salted, in brine, or smoked, cooked or not before or during the smoking process","Import","97472","7259","Weight in kilograms","7259"
"Norway","2009","Live ornamental fish","Import","4293920.544","111454","Weight in kilograms","111454"
"Norway","2009","Fish; live, trout (Salmo trutta, Oncorhynchus mykiss, Oncorhynchus clarki, Oncorhynchus aguabonita, Oncorhynchus gilae, Oncorhynchus apache and Oncorhynchus chrysogaster)","Import","20171.806","2000","Weight in kilograms","2000"
"Norway","2009","Fish; live, eels (Anguilla spp.)","Export","547088.382","65259","Weight in kilograms","65259"
"Norway","2009","Fish; live, carp (Cyprinus spp., Carassius spp., Ctenopharyngodon idellus, Hypophthalmichthys spp., Cirrhinus spp., Mylopharyngodon piceus, Catla catla, Labeo spp., Osteochilus hasselti, Leptobarbus hoeveni, Megalobrama spp.)","Import","13005.676","140","Weight in kilograms","140"
"Norway","2009","Fish; live, n.e.c. in heading 0301","Export","1982242.885","89000","Weight in kilograms","89000"
"Norway","2009","Fish; live, n.e.c. in heading 0301","Import","442407.988","2358","Weight in kilograms","2358"
"Norway","2009","Fish; fresh or chilled, trout (Salmo trutta, Oncorhynchus mykiss, Oncorhynchus clarki, Oncorhynchus aguabonita, Oncorhynchus gilae, Oncorhynchus apache and Oncorhynchus chrysogaster), excluding fillets, fish meat of 0304, and edible fish offal of 0302.9","Export","196201707.459","40112565","Weight in kilograms","40112565"
"Norway","2009","Fish; fresh or chilled, trout (Salmo trutta, Oncorhynchus mykiss, Oncorhynchus clarki, Oncorhynchus aguabonita, Oncorhynchus gilae, Oncorhynchus apache and Oncorhynchus chrysogaster), excluding fillets, fish meat of 0304, and edible fish offal of 0302.9","Import","677606.473","94705","Weight in kilograms","94705"
"Norway","2009","Pacific salmon/Atlantic salmon/Danube salmon [see list of conventions for species incld.], fresh/chilled (excl. fillets/other fish meat of 03.04/livers & roes)","Export","2788206106.667","570429335","Weight in kilograms","570429335"
"Norway","2009","Pacific salmon/Atlantic salmon/Danube salmon [see list of conventions for species incld.], fresh/chilled (excl. fillets/other fish meat of 03.04/livers & roes)","Import","94693.484","21145","Weight in kilograms","21145"
"Norway","2009","Fish; fresh or chilled, salmonidae, n.e.c. in item no. 0302.1, excluding fillets, fish meat of 0304, and edible fish offal of subheadings 0302.91 to 0302.99","Export","2123512.001","5211934","Weight in kilograms","5211934"
"Norway","2009","Fish; fresh or chilled, salmonidae, n.e.c. in item no. 0302.1, excluding fillets, fish meat of 0304, and edible fish offal of subheadings 0302.91 to 0302.99","Import","11887.732","886","Weight in kilograms","886"
"Norway","2009","Fish; fresh or chilled, halibut (Reinhardtius hippoglossoides, Hippoglossus hippoglossus, Hippoglossus stenolepis), excluding fillets, fish meat of 0304, and edible fish offal of subheadings 0302.91 to 0302.99","Export","20436473.474","2273468","Weight in kilograms","2273468"
"Norway","2009","Fish; fresh or chilled, halibut (Reinhardtius hippoglossoides, Hippoglossus hippoglossus, Hippoglossus stenolepis), excluding fillets, fish meat of 0304, and edible fish offal of subheadings 0302.91 to 0302.99","Import","14481.743","2371","Weight in kilograms","2371"
"Norway","2009","Fish; fresh or chilled, plaice (Pleuronectes platessa), excluding fillets, fish meat of 0304, and edible fish offal of subheadings 0302.91 to 0302.99","Export","3017497.976","1431538","Weight in kilograms","1431538"
"Norway","2009","Fish; fresh or chilled, plaice (Pleuronectes platessa), excluding fillets, fish meat of 0304, and edible fish offal of subheadings 0302.91 to 0302.99","Import","19759.137","3654","Weight in kilograms","3654"
"Norway","2009","Fish; fresh or chilled, sole (Solea spp.), excluding fillets, fish meat of 0304, and edible fish offal of subheadings 0302.91 to 0302.99","Export","58984.17","4195","Weight in kilograms","4195"
"Norway","2009","Fish; fresh or chilled, sole (Solea spp.), excluding fillets, fish meat of 0304, and edible fish offal of subheadings 0302.91 to 0302.99","Import","17769.261","769","Weight in kilograms","769"
"Norway","2009","Fish; fresh or chilled, flat fish, n.e.c. in item no. 0302.2, excluding fillets, fish meat of 0304, and edible fish offal of subheadings 0302.91 to 0302.99","Export","3093222.04","384862","Weight in kilograms","384862"
"Norway","2009","Fish; fresh or chilled, flat fish, n.e.c. in item no. 0302.2, excluding fillets, fish meat of 0304, and edible fish offal of subheadings 0302.91 to 0302.99","Import","3110.523","182","Weight in kilograms","182"
"Norway","2009","Fish; fresh or chilled, yellowfin tunas (Thunnus albacares), excluding fillets, fish meat of 0304, and edible fish offal of subheadings 0302.91 to 0302.99","Import","11946.731","668","Weight in kilograms","668"
"Norway","2009","Fish; fresh or chilled, Atlantic and Pacific bluefin tunas (Thunnus thynnus, Thunnus orientalis), excluding fillets, fish meat of 0304, and edible fish offal of subheadings 0302.91 to 0302.99","Import","13799.527","462","Weight in kilograms","462"
"Norway","2009","Fish; fresh or chilled, southern bluefin tunas (Thunnus maccoyii), excluding fillets, fish meat of 0304, and edible fish offal of subheadings 0302.91 to 0302.99","Import","30647.24","1135","Weight in kilograms","1135"
"Norway","2009","Fish; fresh or chilled, tuna, n.e.c. in item no. 0302.3, excluding fillets, fish meat of 0304, and edible fish offal of subheadings 0302.91 to 0302.99","Import","78922.05","5431","Weight in kilograms","5431"
"Norway","2009","Herrings (Clupea harengus/pallasii), fresh/chilled (excl. fillets/other fish meat of 03.04/livers & roes)","Export","31667083.873","63976171","Weight in kilograms","63976171"
"Norway","2009","Herrings (Clupea harengus/pallasii), fresh/chilled (excl. fillets/other fish meat of 03.04/livers & roes)","Import","20455892.775","47295482","Weight in kilograms","47295482"
"Norway","2009","Cod (Gadus morhua/ogac/macrocephalus), fresh/chilled (excl. fillets/other fish meat of 03.04/livers & roes)","Export","91122489.703","23163302","Weight in kilograms","23163302"
"Norway","2009","Cod (Gadus morhua/ogac/macrocephalus), fresh/chilled (excl. fillets/other fish meat of 03.04/livers & roes)","Import","4952275.805","2402624","Weight in kilograms","2402624"
"Norway","2009","Sardines (Sardina pilchardus, Sardinops spp.)/sardinella (Sardinella spp.)/brisling/sprats (Sprattus sprattus), fresh/chilled (excl. fillets/other fish meat of 03.04/livers/roes)","Export","449872.607","708357","Weight in kilograms","708357"
"Norway","2009","Haddock (Melanogrammus aeglefinus), fresh/chilled (excl. fillets/other fish meat of 03.04/livers & roes)","Export","20904358.967","9456325","Weight in kilograms","9456325"
"Norway","2009","Haddock (Melanogrammus aeglefinus), fresh/chilled (excl. fillets/other fish meat of 03.04/livers & roes)","Import","238075.083","259585","Weight in kilograms","259585"
"Norway","2009","Coalfish (Pollachius virens), fresh/chilled (excl. fillets/other fish meat of 03.04/livers & roes)","Export","14141560.236","8160775","Weight in kilograms","8160775"
"Norway","2009","Coalfish (Pollachius virens), fresh/chilled (excl. fillets/other fish meat of 03.04/livers & roes)","Import","69969.437","82716","Weight in kilograms","82716"
"Norway","2009","Mackerel (Scomber scombrus/australasicus/japonicus), fresh/chilled (excl. fillets/other fish meat of 03.04/livers & roes)","Export","10785392.127","6409256","Weight in kilograms","6409256"
"Norway","2009","Mackerel (Scomber scombrus/australasicus/japonicus), fresh/chilled (excl. fillets/other fish meat of 03.04/livers & roes)","Import","112317876.434","81948074","Weight in kilograms","81948074"
"Norway","2009","Dogfish & other sharks, fresh/chilled (excl. fillets/other fish meat of 03.04/livers & roes)","Export","1032978.175","497931","Weight in kilograms","497931"
"Norway","2009","Eels (Anguilla spp.), fresh/chilled (excl. fillets/other fish meat of 03.04/livers & roes)","Export","19951.716","2391","Weight in kilograms","2391"
"Norway","2009","Eels (Anguilla spp.), fresh/chilled (excl. fillets/other fish meat of 03.04/livers & roes)","Import","13930.087","560","Weight in kilograms","560"
"Norway","2009","Swordfish (Xiphias gladius), fresh/chilled (excl. fillets/other fish meat of 03.04/livers & roes)","Import","665.518","30","Weight in kilograms","30"
"Norway","2009","Fish,n.e.s. in 03.02, fresh/chilled(excl. fillets/other fish meat of 03.04/livers & roes).","Export","42536228.426","9402410","Weight in kilograms","9402410"
"Norway","2009","Fish,n.e.s. in 03.02, fresh/chilled(excl. fillets/other fish meat of 03.04/livers & roes).","Import","2363301.37","905046","Weight in kilograms","905046"
"Norway","2009","Fish livers & roes, fresh/chilled","Export","1472172.273","703865","Weight in kilograms","703865"
"Norway","2009","Fish livers & roes, fresh/chilled","Import","66822.179","3368","Weight in kilograms","3368"
"Norway","2009","Trout (Salmo trutta, Oncorhynchus mykiss/clarki/aguabonita/gilae/apache/chrysogaster), frozen (excl. fillets/other fish meat of 03.04/livers & roes)","Export","95238394.499","18723171","Weight in kilograms","18723171"
"Norway","2009","Trout (Salmo trutta, Oncorhynchus mykiss/clarki/aguabonita/gilae/apache/chrysogaster), frozen (excl. fillets/other fish meat of 03.04/livers & roes)","Import","827487.094","158400","Weight in kilograms","158400"
"Norway","2009","Atlantic salmon (Salmo salar) & Danube salmon (Hucho hucho), frozen (excl. fillets/other fish meat of 03.04/livers & roes)","Export","196455548.887","43983771","Weight in kilograms","43983771"
"Norway","2009","Atlantic salmon (Salmo salar) & Danube salmon (Hucho hucho), frozen (excl. fillets/other fish meat of 03.04/livers & roes)","Import","53582.896","7200","Weight in kilograms","7200"
"Norway","2009","Fish; frozen, Nile perch (Lates niloticus) and snakeheads (Channa spp.), excluding fillets, fish meat of 0304, and edible fish offal of subheadings 0303.91 to 0303.99","Export","9158041.802","11261039","Weight in kilograms","11261039"
"Norway","2009","Fish; frozen, halibut (Reinhardtius hippoglossoides, Hippoglossus hippoglossus, Hippoglossus stenolepis), excluding fillets, fish meat of 0304, and edible fish offal of subheadings 0303.91 to 0303.99","Export","36935682.229","7893574","Weight in kilograms","7893574"
"Norway","2009","Fish; frozen, halibut (Reinhardtius hippoglossoides, Hippoglossus hippoglossus, Hippoglossus stenolepis), excluding fillets, fish meat of 0304, and edible fish offal of subheadings 0303.91 to 0303.99","Import","561725.492","128360","Weight in kilograms","128360"
"Norway","2009","Fish; frozen, plaice (Pleuronectes platessa), excluding fillets, fish meat of 0304, and edible fish offal of subheadings 0303.91 to 0303.99","Export","35816.497","20543","Weight in kilograms","20543"
"Norway","2009","Fish; frozen, plaice (Pleuronectes platessa), excluding fillets, fish meat of 0304, and edible fish offal of subheadings 0303.91 to 0303.99","Import","11534.38","1100","Weight in kilograms","1100"
"Norway","2009","Fish; frozen, sole (Solea spp.), excluding fillets, fish meat of 0304, and edible fish offal of subheadings 0303.91 to 0303.99","Import","15104.166","730","Weight in kilograms","730"
"Norway","2009","Fish; frozen, flat fish, n.e.c. in item no. 0303.3, excluding fillets, fish meat of 0304, and edible fish offal of subheadings 0303.91 to 0303.99","Export","17327.013","1925","Weight in kilograms","1925"
"Norway","2009","Fish; frozen, flat fish, n.e.c. in item no. 0303.3, excluding fillets, fish meat of 0304, and edible fish offal of subheadings 0303.91 to 0303.99","Import","12096.214","1107","Weight in kilograms","1107"
"Norway","2009","Fish; frozen, yellowfin tunas (Thunnus albacares), excluding fillets, fish meat of 0304, and edible fish offal of subheadings 0303.91 to 0303.99","Import","2638.379","240","Weight in kilograms","240"
"Norway","2009","Fish; frozen, southern bluefin tunas (Thunnus maccoyii), excluding fillets, fish meat of 0304, and edible fish offal of subheadings 0303.91 to 0303.99","Import","932.839","70","Weight in kilograms","70"
"Norway","2009","Fish; frozen, tuna, n.e.c. in item no. 0303.4, excluding fillets, fish meat of 0304, and edible fish offal of subheadings 0303.91 to 0303.99","Import","106493.912","6995","Weight in kilograms","6995"
"Norway","2009","Fish; frozen, herrings (Clupea harengus, Clupea pallasii), excluding fillets, fish meat of 0304, and edible fish offal of subheadings 0303.91 to 0303.99","Export","352325896.481","500067870","Weight in kilograms","500067870"
"Norway","2009","Fish; frozen, herrings (Clupea harengus, Clupea pallasii), excluding fillets, fish meat of 0304, and edible fish offal of subheadings 0303.91 to 0303.99","Import","3554.838","594","Weight in kilograms","594"
"Norway","2009","Cod (Gadus morhua, Gadus ogac, Gadus macrocephalus), frozen (excl. fillets/other fish meat of 03.04/livers & roes)","Export","72820438.437","28525362","Weight in kilograms","28525362"
"Norway","2009","Cod (Gadus morhua, Gadus ogac, Gadus macrocephalus), frozen (excl. fillets/other fish meat of 03.04/livers & roes)","Import","71856652.386","25971477","Weight in kilograms","25971477"
"Norway","2009","Swordfish (Xiphias gladius), frozen (excl. fillets/other fish meat of 03.04/livers & roes)","Import","6106.389","500","Weight in kilograms","500"
"Norway","2009","Toothfish (Dissostichus spp.),frozen (excl. fillets/other fish meat of 03.04/livers & roes)","Export","87573.153","4282","Weight in kilograms","4282"
"Norway","2009","Toothfish (Dissostichus spp.),frozen (excl. fillets/other fish meat of 03.04/livers & roes)","Import","421110.446","25342","Weight in kilograms","25342"
"Norway","2009","Sardines (Sardina pilchardus, Sardinops spp.)/sardinella (Sardinella spp.)/brisling/sprats (Sprattus sprattus), frozen (excl. fillets/other fish meat of 03.04/livers & roes)","Export","3262571.736","2373290","Weight in kilograms","2373290"
"Norway","2009","Sardines (Sardina pilchardus, Sardinops spp.)/sardinella (Sardinella spp.)/brisling/sprats (Sprattus sprattus), frozen (excl. fillets/other fish meat of 03.04/livers & roes)","Import","5379.806","2250","Weight in kilograms","2250"
"Norway","2009","Haddock (Melanogrammus aeglefinus), frozen (excl. fillets/other fish meat of 03.04/livers & roes)","Export","95667759.44","47258601","Weight in kilograms","47258601"
"Norway","2009","Haddock (Melanogrammus aeglefinus), frozen (excl. fillets/other fish meat of 03.04/livers & roes)","Import","2824757.654","1986458","Weight in kilograms","1986458"
"Norway","2009","Coalfish (Pollachius virens), frozen (excl. fillets/other fish meat of 03.04/livers & roes)","Export","68974949.736","44547028","Weight in kilograms","44547028"
"Norway","2009","Coalfish (Pollachius virens), frozen (excl. fillets/other fish meat of 03.04/livers & roes)","Import","361382.359","320398","Weight in kilograms","320398"
"Norway","2009","Mackerel (Scomber scombrus/australasicus/japonicus), frozen (excl. fillets/other fish meat of 03.04/livers & roes)","Export","322885009.083","188257808","Weight in kilograms","188257808"
"Norway","2009","Mackerel (Scomber scombrus/australasicus/japonicus), frozen (excl. fillets/other fish meat of 03.04/livers & roes)","Import","1483937.557","1016261","Weight in kilograms","1016261"
"Norway","2009","Dogfish & other sharks, frozen (excl. fillets/other fish meat of 03.04/livers & roes)","Import","10873.95","900","Weight in kilograms","900"
"Norway","2009","Eels (Anguilla spp.), frozen (excl. fillets/other fish meat of 03.04/livers & roes)","Export","1094.09","245","Weight in kilograms","245"
"Norway","2009","Eels (Anguilla spp.), frozen (excl. fillets/other fish meat of 03.04/livers & roes)","Import","34429.007","3091","Weight in kilograms","3091"
"Norway","2009","Sea bass (Dicentrarchus labrax/punctatus), frozen (excl. fillets/other fish meat of 03.04/livers & roes)","Import","15972.123","697","Weight in kilograms","697"
"Norway","2009","Hake (Merluccius spp., Urophycis spp.), frozen (excl. fillets/other fish meat of 03.04/livers & roes)","Export","355410.027","230240","Weight in kilograms","230240"
"Norway","2009","Hake (Merluccius spp., Urophycis spp.), frozen (excl. fillets/other fish meat of 03.04/livers & roes)","Import","40652.279","13698","Weight in kilograms","13698"
"Norway","2009","Fish (excl. of 0303.71 - 0303.78),n.e.s., frozen (excl. fillets/other fish meat of 03.04/livers & roes)","Export","167764826.64","223014783","Weight in kilograms","223014783"
"Norway","2009","Fish (excl. of 0303.71 - 0303.78),n.e.s., frozen (excl. fillets/other fish meat of 03.04/livers & roes)","Import","1099352.063","386541","Weight in kilograms","386541"
"Norway","2009","Fish livers & roes, frozen","Export","16507060.759","3959448","Weight in kilograms","3959448"
"Norway","2009","Fish livers & roes, frozen","Import","1224453.455","474902","Weight in kilograms","474902"
"Norway","2009","Swordfish (Xiphias gladius),fresh/chilled","Import","17351.98","1326","Weight in kilograms","1326"
"Norway","2009","Toothfish (Dissostichus spp.),fresh/chilled ","Export","3463.717","150","Weight in kilograms","150"
"Norway","2009","Fish fillets&other fish meat (excl. of 0304.11-0304.12, whether/not minced), fresh/chilled","Export","526736046.012","68670560","Weight in kilograms","68670560"
"Norway","2009","Fish fillets&other fish meat (excl. of 0304.11-0304.12, whether/not minced), fresh/chilled","Import","3261897.631","319188","Weight in kilograms","319188"
"Norway","2009","Swordfish (Xiphias gladius),frozen fillets","Import","10907.981","1084","Weight in kilograms","1084"
"Norway","2009","Toothfish (Dissostichus spp.), frozen fillets","Import","9058.206","865","Weight in kilograms","865"
"Norway","2009","Fish fillets&other fish meat (excl. of 0304.21-0304.92, whether/not minced), frozen fillets","Export","549133502.677","119481857","Weight in kilograms","119481857"
"Norway","2009","Fish fillets&other fish meat (excl. of 0304.21-0304.92, whether/not minced), frozen fillets","Import","42309625.066","7314095","Weight in kilograms","7314095"
"Norway","2009","Fish meat, excluding fillets, whether or not minced; frozen, n.e.c. in item no. 0304.9","Export","161319113.142","129095069","Weight in kilograms","129095069"
"Norway","2009","Fish meat, excluding fillets, whether or not minced; frozen, n.e.c. in item no. 0304.9","Import","14974946.033","4638164","Weight in kilograms","4638164"
"Norway","2009","Fish; flours, meals and pellets, fit for human consumption","Import","526936.772","30170","Weight in kilograms","30170"
"Norway","2009","Fish; livers, roes and milt of fish, dried, smoked, salted or in brine","Export","6339637.503","1073394","Weight in kilograms","1073394"
"Norway","2009","Fish; livers, roes and milt of fish, dried, smoked, salted or in brine","Import","59813.165","2477","Weight in kilograms","2477"
"Norway","2009","Fish fillets, dried/salted/in brine but not smoked","Export","40160989.23","8674322","Weight in kilograms","8674322"
"Norway","2009","Fish fillets, dried/salted/in brine but not smoked","Import","1796579.958","149070","Weight in kilograms","149070"
"Norway","2009","Fish; smoked, whether or not cooked before or during smoking, salmon, Pacific (Oncorhynchus nerka, gorbuscha, keta, tschawytscha, kisutch, masou, rhodurus), Atlantic (Salmo salar) and Danube (Hucho hucho), includes fillets, but excludes edible fish offal","Export","28329647.601","1882383","Weight in kilograms","1882383"
"Norway","2009","Fish; smoked, whether or not cooked before or during smoking, salmon, Pacific (Oncorhynchus nerka, gorbuscha, keta, tschawytscha, kisutch, masou, rhodurus), Atlantic (Salmo salar) and Danube (Hucho hucho), includes fillets, but excludes edible fish offal","Import","335871.775","20914","Weight in kilograms","20914"
"Norway","2009","Fish; smoked, whether or not cooked before or during smoking, herrings (Clupea harengus, Clupea pallasii), includes fillets, but excludes edible fish offal","Export","375783.158","68963","Weight in kilograms","68963"
"Norway","2009","Fish; smoked, whether or not cooked before or during smoking, herrings (Clupea harengus, Clupea pallasii), includes fillets, but excludes edible fish offal","Import","79235.17","9065","Weight in kilograms","9065"
"Norway","2009","Fish; smoked, whether or not cooked before or during smoking, n.e.c. in item no. 0305.4, includes fillets, but excludes edible fish offal","Import","465887.03","27001","Weight in kilograms","27001"
"Norway","2009","Fish; dried, whether or not salted but not smoked, other than edible fish offal, cod (Gadus morhua, Gadus ogac, Gadus macrocephalus)","Export","348403297.02","40041464","Weight in kilograms","40041464"
"Norway","2009","Fish; dried, whether or not salted but not smoked, other than edible fish offal, cod (Gadus morhua, Gadus ogac, Gadus macrocephalus)","Import","613361.448","47847","Weight in kilograms","47847"
"Norway","2009","Fish; dried, whether or not salted but not smoked, other than edible fish offal, n.e.c. in item no. 0305.5","Export","243229203.22","55564590","Weight in kilograms","55564590"
"Norway","2009","Fish; dried, whether or not salted but not smoked, other than edible fish offal, n.e.c. in item no. 0305.5","Import","238386.613","52289","Weight in kilograms","52289"
"Norway","2009","Fish; salted or in brine, not dried or smoked, other than edible fish offal, herrings (Clupea harengas, Clupea pallasii)","Export","1154019.189","847950","Weight in kilograms","847950"
"Norway","2009","Fish; salted or in brine, not dried or smoked, other than edible fish offal, cod (Gadus morhua, Gadus ogac, Gadus macrocephalus)","Export","110578502.113","20687487","Weight in kilograms","20687487"
"Norway","2009","Fish; salted or in brine, not dried or smoked, other than edible fish offal, cod (Gadus morhua, Gadus ogac, Gadus macrocephalus)","Import","3282.906","994","Weight in kilograms","994"
"Norway","2009","Fish; salted or in brine, not dried or smoked, other than edible fish offal, anchovies (Engrails spp.)","Import","10123.671","3600","Weight in kilograms","3600"
"Norway","2009","Fish; salted or in brine, not dried or smoked, other than edible fish offal, n.e.c. in item no. 0305.6","Export","6199024.842","2177598","Weight in kilograms","2177598"
"Norway","2009","Fish; salted or in brine, not dried or smoked, other than edible fish offal, n.e.c. in item no. 0305.6","Import","1056566.468","241850","Weight in kilograms","241850"
"Norway","2009","Crustaceans; frozen, rock lobsters and other sea crawfish (Palinurus spp., Panulirus spp., Jasus spp.), in shell or not, smoked, cooked or not before or during smoking; in shell, cooked by steaming or by boiling in water","Export","153491.118","14082","Weight in kilograms","14082"
"Norway","2009","Crustaceans; frozen, rock lobsters and other sea crawfish (Palinurus spp., Panulirus spp., Jasus spp.), in shell or not, smoked, cooked or not before or during smoking; in shell, cooked by steaming or by boiling in water","Import","36040.404","2616","Weight in kilograms","2616"
"Norway","2009","Crustaceans; frozen, lobsters (Homarus spp.), in shell or not, smoked, cooked or not before or during smoking; in shell, cooked by steaming or by boiling in water","Export","80476.199","4194","Weight in kilograms","4194"
"Norway","2009","Crustaceans; frozen, lobsters (Homarus spp.), in shell or not, smoked, cooked or not before or during smoking; in shell, cooked by steaming or by boiling in water","Import","1016715.037","164216","Weight in kilograms","164216"
"Norway","2009","Shrimps & prawns, whether/not in shell, frozen","Export","8700410.857","3636900","Weight in kilograms","3636900"
"Norway","2009","Shrimps & prawns, whether/not in shell, frozen","Import","52387572.439","14631860","Weight in kilograms","14631860"
"Norway","2009","Crustaceans; frozen, crabs, in shell or not, smoked, cooked or not before or during smoking; in shell, cooked by steaming or by boiling in water","Export","41085118.974","3526708","Weight in kilograms","3526708"
"Norway","2009","Crustaceans; frozen, crabs, in shell or not, smoked, cooked or not before or during smoking; in shell, cooked by steaming or by boiling in water","Import","1604270.911","95256","Weight in kilograms","95256"
"Norway","2009","Crustaceans; frozen, n.e.c. in item no. 0306.1, in shell or not, smoked, cooked or not before or during smoking; in shell, cooked by steaming or by boiling in water","Export","324642.882","80904","Weight in kilograms","80904"
"Norway","2009","Crustaceans; frozen, n.e.c. in item no. 0306.1, in shell or not, smoked, cooked or not before or during smoking; in shell, cooked by steaming or by boiling in water","Import","951834.55","110207","Weight in kilograms","110207"
"Norway","2009","Crustaceans; not frozen, rock lobsters and other sea crawfish (Palinurus spp., Panulirus spp., Jasus spp.), in shell or not, smoked, cooked or not before or during smoking; in shell, cooked by steaming or boiling in water; edible flours, meals, pellets","Export","44307.621","1111","Weight in kilograms","1111"
"Norway","2009","Crustaceans; not frozen, lobsters (Homarus spp.), whether in shell or not, smoked, cooked or not before or during smoking; in shell, cooked by steaming or by boiling in water; edible flours, meals, and pellets","Export","217855.252","5494","Weight in kilograms","5494"
"Norway","2009","Crustaceans; not frozen, lobsters (Homarus spp.), whether in shell or not, smoked, cooked or not before or during smoking; in shell, cooked by steaming or by boiling in water; edible flours, meals, and pellets","Import","2648676.76","154826","Weight in kilograms","154826"
"Norway","2009","Shrimps & prawns, whether/not in shell, other than frozen","Export","8368275.686","1363979","Weight in kilograms","1363979"
"Norway","2009","Shrimps & prawns, whether/not in shell, other than frozen","Import","117475.522","24300","Weight in kilograms","24300"
"Norway","2009","Crustaceans; not frozen, crabs, whether in shell or not, smoked, cooked or not before or during smoking; in shell, cooked by steaming or by boiling in water; edible flours, meals, and pellets","Export","4459301.303","358933","Weight in kilograms","358933"
"Norway","2009","Crustaceans; not frozen, crabs, whether in shell or not, smoked, cooked or not before or during smoking; in shell, cooked by steaming or by boiling in water; edible flours, meals, and pellets","Import","62118.069","4174","Weight in kilograms","4174"
"Norway","2009","Crustaceans; not frozen, n.e.c. in item no. 0306.2, in shell or not, smoked, cooked or not before or during smoking; in shell, cooked by steaming or by boiling in water; including edible flours, meals, and pellets of crustaceans","Export","7885964.107","1024416","Weight in kilograms","1024416"
"Norway","2009","Crustaceans; not frozen, n.e.c. in item no. 0306.2, in shell or not, smoked, cooked or not before or during smoking; in shell, cooked by steaming or by boiling in water; including edible flours, meals, and pellets of crustaceans","Import","92062.42","21256","Weight in kilograms","21256"
"Norway","2009","Oysters, whether/not in shell, live/fresh/chilled/frozen/dried/salted/in brine","Import","318032.384","30867","Weight in kilograms","30867"
"Norway","2009","Molluscs; scallops and other molluscs of the family Pectinidae, whether in shell or not, live, fresh or chilled","Export","4420408.473","615058","Weight in kilograms","615058"
"Norway","2009","Molluscs; scallops and other molluscs of the family Pectinidae, whether in shell or not, live, fresh or chilled","Import","1073996.37","61905","Weight in kilograms","61905"
"Norway","2009","Molluscs; scallops and other molluscs of the family Pectinidae, whether in shell or not, dried, salted, in brine, or smoked, cooked or not before or during the smoking process","Export","394095.648","19532","Weight in kilograms","19532"
"Norway","2009","Molluscs; scallops and other molluscs of the family Pectinidae, whether in shell or not, dried, salted, in brine, or smoked, cooked or not before or during the smoking process","Import","3554923.699","237142","Weight in kilograms","237142"
"Norway","2009","Molluscs; mussels (Mytilus spp., Perna spp.), whether in shell or not, live, fresh or chilled","Export","996824.068","539933","Weight in kilograms","539933"
"Norway","2009","Molluscs; mussels (Mytilus spp., Perna spp.), whether in shell or not, live, fresh or chilled","Import","279457.445","95418","Weight in kilograms","95418"
"Norway","2009","Molluscs; mussels (Mytilus spp., Perna spp.), whether in shell or not, dried, salted, in brine, or smoked, cooked or not before or during the smoking process","Export","47103.911","11700","Weight in kilograms","11700"
"Norway","2009","Molluscs; mussels (Mytilus spp., Perna spp.), whether in shell or not, dried, salted, in brine, or smoked, cooked or not before or during the smoking process","Import","229679.215","51856","Weight in kilograms","51856"
"Norway","2009","Molluscs; cuttle fish and squid, whether in shell or not, live, fresh or chilled","Export","1439.81","265","Weight in kilograms","265"
"Norway","2009","Molluscs; cuttle fish and squid, whether in shell or not, live, fresh or chilled","Import","8961.996","1104","Weight in kilograms","1104"
"Norway","2009","Molluscs; cuttle fish and squid, whether in shell or not, dried, salted, in brine, or smoked, cooked or not before or during the smoking process","Export","259804.218","127063","Weight in kilograms","127063"
"Norway","2009","Molluscs; cuttle fish and squid, whether in shell or not, dried, salted, in brine, or smoked, cooked or not before or during the smoking process","Import","264361.389","66435","Weight in kilograms","66435"
"Norway","2009","Molluscs; octopus (Octopus spp.), live, fresh or chilled","Import","2886.934","173","Weight in kilograms","173"
"Norway","2009","Molluscs; octopus (Octopus spp.), dried, salted, in brine, or smoked, cooked or not before or during the smoking process","Import","229175.107","61231","Weight in kilograms","61231"
"Norway","2009","Molluscs; snails, other than sea snails, whether in shell or not, live, fresh, chilled, frozen, dried, salted, in brine, or smoked, cooked or not before or during the smoking process","Export","2714.552","730","Weight in kilograms","730"
"Norway","2009","Molluscs; snails, other than sea snails, whether in shell or not, live, fresh, chilled, frozen, dried, salted, in brine, or smoked, cooked or not before or during the smoking process","Import","3608.27","817","Weight in kilograms","817"
"Norway","2009","Molluscs; n.e.c. in heading 0307, whether in shell or not, live or fresh, chilled","Export","231659.073","15091","Weight in kilograms","15091"
"Norway","2009","Molluscs; n.e.c. in heading 0307, whether in shell or not, live or fresh, chilled","Import","182270.454","17741","Weight in kilograms","17741"
"Norway","2009","Molluscs; n.e.c. in heading 0307, whether in shell or not, dried, salted, in brine, or smoked, cooked or not before or during the smoking process","Export","482518.629","61379","Weight in kilograms","61379"
"Norway","2009","Molluscs; n.e.c. in heading 0307, whether in shell or not, dried, salted, in brine, or smoked, cooked or not before or during the smoking process","Import","113686.122","5485","Weight in kilograms","5485"

